"id";"property_id";"user";"image_name";"file_location";"create_at";"updated_at"
1;8;15;"aalyvcyqbf";"http://andleti.no/ourarthi/ouforion/but/eveer";"1970-02-24";"1983-01-20"
2;12;16;"jdzgwevdoe";"https://meiteathi.dk/enbutan/orsho/stomeome/a";"2004-08-12";"1970-11-16"
3;7;5;"cafrcsotdz";"https://orarehenhad.tr/ourevend/ndwabut/era/a";"2003-12-14";"1984-11-03"
4;11;10;"tvxmfrnukk";"http://yo.isth.fr/th/thtedte/ndwaoulou.gif";"2016-03-31";"1970-02-16"
5;13;20;"tqiwpkausp";"http://sewas.de/ndalent/atbut/toarehad/edanda";"2021-12-08";"1970-04-04"
6;17;19;"lgebtjfawp";"http://wisi.enveveere.fr/eve/witeshi/hadwaour";"1997-11-10";"2010-10-27"
7;3;14;"ovwaibbixz";"http://herin.il/eaver/ouhese/ed/tofor.png";"1993-11-29";"1970-01-09"
8;17;4;"chhihpaqee";"https://nadufe.hishotedare.se/inghinth/itseti";"1970-01-08";"1970-02-08"
9;1;2;"nfwjeebugm";"https://ereith.tr/ted/allnotes/edtees/hati.gi";"1996-11-18";"1978-11-24"
10;12;7;"xsvrzglobu";"http://ra.buthisngar.at/hener/shoenhe/ome/tio";"1975-06-14";"1974-07-22"
11;1;10;"dkhinkigdi";"http://no.eraevehating.cz/oreden/anan.gif";"2001-01-27";"1970-02-23"
12;8;11;"adjblvnart";"http://enhenversho.hu/onthion/alare/isthe/all";"1986-09-10";"1991-04-05"
13;15;20;"qjqeeivajp";"https://oultedera.ca/ome/hather.bmp";"2007-04-07";"1970-03-19"
14;9;1;"jcwpmuktqd";"http://ze.esouheti.com/notouere/his/ateaenuld";"1997-10-09";"1995-02-04"
15;19;16;"eolxcxoanp";"http://kowada.ithherwitfor.hu/evesehis/titoed";"1971-06-23";"1970-03-13"
16;20;16;"fbfduyxsxb";"https://lu.omevertio.hu/orteere/notntsho/teea";"1970-01-02";"1998-06-18"
17;12;8;"kzosapxseq";"http://fego.omeverand.mx/her/haton.bmp";"1971-10-13";"1997-02-07"
18;2;12;"uhmyquhjkw";"http://hinoulallfor.dk/not/hen/hi/eraou.gif";"1983-02-05";"1987-12-12"
19;1;5;"ftwuembyuf";"http://devuru.tohaingit.gr/hi/youhaterauld.pn";"1970-12-28";"2018-04-16"
20;7;14;"verjdswscp";"http://nijodi.eswasyouit.au/hataswa/aretheat/";"1994-10-14";"1970-01-10"
